,Age,Monthly Charge,Churned
count,199.0,200.0,200.0
mean,47.69346733668342,56.77725,0.05
std,13.022184161694975,10.76479759558299,0.21849186132974535
min,25.0,40.06,0.0
25%,36.0,48.535,0.0
50%,48.0,55.91,0.0
75%,59.5,63.6925,0.0
max,70.0,94.63,1.0
